tt_id,avg_time,cur_time,distance,end_lat,end_long,end_loc_key,end_mp,end_road_key,end_direction,start_lat,start_long,start_loc_key,start_mp,start_road_key,start_direction,alert_time,updated,last_refresh
1,25,25,26.72,47.6093,-122.332,c3f46274fcc7de78b69c88e46f600a37,165.83,I-5,S,47.9641,-122.199,b8d6c5d95e21246e611fdb6072b60a0a,192.55,I-5,S,"2025-02-06 05:20:00","2025-02-05 21:22:14","2025-02-11 20:29:09"
2,25,25,26.72,47.6093,-122.332,c3f46274fcc7de78b69c88e46f600a37,165.83,I-5,S,47.9641,-122.199,b8d6c5d95e21246e611fdb6072b60a0a,192.55,I-5,S,"2025-02-06 05:20:00","2025-02-05 21:22:14","2025-02-11 20:29:09"
3,25,25,26.94,47.9243,-122.265,ad4f548b154dce15d362adb19379ce77,192.77,I-5,N,47.6093,-122.332,c3f46274fcc7de78b69c88e46f600a37,165.83,I-5,N,"2025-02-06 05:20:00","2025-02-05 21:22:14","2025-02-11 20:29:09"
4,25,25,26.94,47.9243,-122.265,ad4f548b154dce15d362adb19379ce77,192.77,I-5,N,47.6093,-122.332,c3f46274fcc7de78b69c88e46f600a37,165.83,I-5,N,"2025-02-06 05:20:00","2025-02-05 21:22:14","2025-02-11 20:29:09"
5,9,9,9.28,47.5418,-122.037,b6fddd9ed0c05848fb649b41e80cfdf3,16.96,NULL,E,47.6138,-122.189,77bf299900d50496aec4177d48faa78a,13.33,I-405,S,"2025-02-06 05:20:00","2025-02-05 21:22:14","2025-02-11 20:29:09"
6,9,9,9.28,47.5418,-122.037,b6fddd9ed0c05848fb649b41e80cfdf3,16.96,NULL,E,47.6138,-122.189,77bf299900d50496aec4177d48faa78a,13.33,I-405,S,"2025-02-06 05:20:00","2025-02-05 21:22:14","2025-02-11 20:29:09"
7,9,9,9.25,47.6136,-122.188,dcee77ba4a00e431c82f454e32c4a07d,13.6,I-405,N,47.5418,-122.037,b6fddd9ed0c05848fb649b41e80cfdf3,16.96,NULL,W,"2025-02-06 05:20:00","2025-02-05 21:22:14","2025-02-11 20:29:09"
8,9,9,9.25,47.6136,-122.188,dcee77ba4a00e431c82f454e32c4a07d,13.6,I-405,N,47.5418,-122.037,b6fddd9ed0c05848fb649b41e80cfdf3,16.96,NULL,W,"2025-02-06 05:20:00","2025-02-05 21:22:14","2025-02-11 20:29:09"
9,25,25,26.76,47.9243,-122.265,ad4f548b154dce15d362adb19379ce77,192.77,I-5,N,47.6138,-122.189,77bf299900d50496aec4177d48faa78a,13.6,I-405,N,"2025-02-06 05:20:00","2025-02-05 21:22:14","2025-02-11 20:29:09"
10,25,25,26.86,47.6173,-122.189,b7df7f3bb5cb1398b91bc24a3a4e6593,13.33,I-405,S,47.9641,-122.199,b8d6c5d95e21246e611fdb6072b60a0a,192.55,I-5,S,"2025-02-06 05:20:00","2025-02-05 21:22:14","2025-02-11 20:29:09"
11,25,25,26.76,47.9243,-122.265,ad4f548b154dce15d362adb19379ce77,192.77,I-5,N,47.6138,-122.189,77bf299900d50496aec4177d48faa78a,13.6,I-405,N,"2025-02-06 05:20:00","2025-02-05 21:22:14","2025-02-11 20:29:09"
12,26,26,27.84,47.6173,-122.189,b7df7f3bb5cb1398b91bc24a3a4e6593,13.33,I-405,S,47.9641,-122.199,b8d6c5d95e21246e611fdb6072b60a0a,192.55,I-5,S,"2025-02-06 05:20:00","2025-02-05 21:22:14","2025-02-11 20:29:09"
13,8,8,8.82,47.4388,-122.269,1b16f7bffd324d25598f24f35034ef12,152.8,I-5,N,47.3154,-122.297,8b34f8f5e6235f11ca0a4fd39b108e6d,143.98,I-5,N,"2025-02-06 05:20:00","2025-02-05 21:22:14","2025-02-11 20:29:09"
14,8,8,8.82,47.4388,-122.269,1b16f7bffd324d25598f24f35034ef12,152.8,I-5,N,47.3154,-122.297,8b34f8f5e6235f11ca0a4fd39b108e6d,143.98,I-5,N,"2025-02-06 05:20:00","2025-02-05 21:22:14","2025-02-11 20:29:09"
15,8,8,9.16,47.3138,-122.299,9dff64fdec747f30b7f30b1ccb433471,143.64,I-5,S,47.4388,-122.269,1b16f7bffd324d25598f24f35034ef12,152.8,I-5,S,"2025-02-06 05:20:00","2025-02-05 21:22:14","2025-02-11 20:29:09"
16,8,8,9.16,47.3138,-122.299,9dff64fdec747f30b7f30b1ccb433471,143.64,I-5,S,47.4388,-122.269,1b16f7bffd324d25598f24f35034ef12,152.8,I-5,S,"2025-02-06 05:20:00","2025-02-05 21:22:14","2025-02-11 20:29:09"
17,20,21,21.85,47.6093,-122.332,c3f46274fcc7de78b69c88e46f600a37,165.83,I-5,N,47.3154,-122.297,8b34f8f5e6235f11ca0a4fd39b108e6d,143.98,I-5,N,"2025-02-06 05:20:00","2025-02-05 21:22:14","2025-02-11 20:29:09"
18,20,20,21.85,47.6093,-122.332,c3f46274fcc7de78b69c88e46f600a37,165.83,I-5,N,47.3154,-122.297,8b34f8f5e6235f11ca0a4fd39b108e6d,143.98,I-5,N,"2025-02-06 05:20:00","2025-02-05 21:22:14","2025-02-11 20:29:09"
19,20,20,22.19,47.3138,-122.299,9dff64fdec747f30b7f30b1ccb433471,143.64,I-5,S,47.6093,-122.332,c3f46274fcc7de78b69c88e46f600a37,165.83,I-5,S,"2025-02-06 05:20:00","2025-02-05 21:22:14","2025-02-11 20:29:09"
20,20,20,22.19,47.3138,-122.299,9dff64fdec747f30b7f30b1ccb433471,143.64,I-5,S,47.6093,-122.332,c3f46274fcc7de78b69c88e46f600a37,165.83,I-5,S,"2025-02-06 05:20:00","2025-02-05 21:22:14","2025-02-11 20:29:09"
21,23,23,24.47,47.3138,-122.299,9dff64fdec747f30b7f30b1ccb433471,143.64,I-5,S,47.6138,-122.189,77bf299900d50496aec4177d48faa78a,13.33,I-405,S,"2025-02-06 05:20:00","2025-02-05 21:22:14","2025-02-11 20:29:09"
22,23,22,24.13,47.6136,-122.188,dcee77ba4a00e431c82f454e32c4a07d,13.6,I-405,N,47.3154,-122.297,8b34f8f5e6235f11ca0a4fd39b108e6d,143.98,I-5,N,"2025-02-06 05:20:00","2025-02-05 21:22:14","2025-02-11 20:29:09"
23,23,23,24.62,47.3138,-122.299,9dff64fdec747f30b7f30b1ccb433471,143.64,I-5,S,47.6138,-122.189,77bf299900d50496aec4177d48faa78a,13.33,I-405,S,"2025-02-06 05:20:00","2025-02-05 21:22:14","2025-02-11 20:29:09"
24,23,23,24.13,47.6136,-122.188,dcee77ba4a00e431c82f454e32c4a07d,13.6,I-405,N,47.3154,-122.297,8b34f8f5e6235f11ca0a4fd39b108e6d,143.98,I-5,N,"2025-02-06 05:20:00","2025-02-05 21:22:14","2025-02-11 20:29:09"
25,15,15,15.73,47.8195,-122.279,91a728625d492ad03848e47945ca03d5,181.56,I-5,N,47.6093,-122.332,c3f46274fcc7de78b69c88e46f600a37,165.83,I-5,N,"2025-02-06 05:20:00","2025-02-05 21:22:14","2025-02-11 20:29:09"
26,14,14,15.23,47.6093,-122.332,c3f46274fcc7de78b69c88e46f600a37,165.83,I-5,S,47.821,-122.28,c511916f2c2439d5fc33d54f9eac7478,181.06,I-5,S,"2025-02-06 05:20:00","2025-02-05 21:22:14","2025-02-11 20:29:09"
27,15,14,15.73,47.8195,-122.279,91a728625d492ad03848e47945ca03d5,181.56,I-5,N,47.6093,-122.332,c3f46274fcc7de78b69c88e46f600a37,165.83,I-5,N,"2025-02-06 05:20:00","2025-02-05 21:22:14","2025-02-11 20:29:09"
30,13,13,13.5,47.6093,-122.332,c3f46274fcc7de78b69c88e46f600a37,165.83,I-5,N,47.458,-122.217,4a0a20a4f1afcc9e21b05e4a82178802,2.21,I-405,S,"2025-02-06 05:20:00","2025-02-05 21:22:14","2025-02-11 20:29:09"
31,13,13,13.59,47.4674,-122.22,23313448d69ead7b492b5a5b1d52f4f9,2.21,I-405,N,47.6093,-122.332,c3f46274fcc7de78b69c88e46f600a37,165.83,I-5,S,"2025-02-06 05:20:00","2025-02-05 21:22:14","2025-02-11 20:29:09"
32,13,14,13.67,47.6093,-122.332,c3f46274fcc7de78b69c88e46f600a37,165.83,I-5,N,47.458,-122.217,4a0a20a4f1afcc9e21b05e4a82178802,2.21,I-405,S,"2025-02-06 05:20:00","2025-02-05 21:22:14","2025-02-11 20:29:09"
33,13,13,13.63,47.4674,-122.22,23313448d69ead7b492b5a5b1d52f4f9,2.21,I-405,N,47.6093,-122.332,c3f46274fcc7de78b69c88e46f600a37,165.83,I-5,S,"2025-02-06 05:20:00","2025-02-05 21:22:14","2025-02-11 20:29:09"
35,15,15,16.46,47.8237,-122.252,3ee9defefdd48211f96046a037eae8e6,30.06,I-405,N,47.6138,-122.189,77bf299900d50496aec4177d48faa78a,13.6,I-405,N,"2025-02-06 05:20:00","2025-02-05 21:22:14","2025-02-11 20:29:09"
36,15,15,15.93,47.9204,-122.207,182aef2e1d5925c16d53f8329d6fd528,29.53,I-405,N,47.6138,-122.189,77bf299900d50496aec4177d48faa78a,13.6,I-405,N,"2025-02-06 05:20:00","2025-02-05 21:22:14","2025-02-11 20:29:09"
37,15,15,16.73,47.6138,-122.189,77bf299900d50496aec4177d48faa78a,13.33,I-405,S,47.8317,-122.262,af1b3eda4fbe3e3032543c71c8b501e2,30.06,I-405,S,"2025-02-06 05:20:00","2025-02-05 21:22:14","2025-02-11 20:29:09"
38,15,15,16.73,47.6138,-122.189,77bf299900d50496aec4177d48faa78a,13.33,I-405,S,47.8317,-122.262,af1b3eda4fbe3e3032543c71c8b501e2,30.06,I-405,S,"2025-02-06 05:20:00","2025-02-05 21:22:14","2025-02-11 20:29:09"
39,0,0,26.72,47.6093,-122.332,c3f46274fcc7de78b69c88e46f600a37,165.83,I-5,S,47.9641,-122.199,b8d6c5d95e21246e611fdb6072b60a0a,192.55,I-5,S,"2025-02-06 05:20:00","2025-02-05 21:22:14","2025-02-11 20:29:09"
40,0,0,26.72,47.6093,-122.332,c3f46274fcc7de78b69c88e46f600a37,165.83,I-5,S,47.9641,-122.199,b8d6c5d95e21246e611fdb6072b60a0a,192.55,I-5,S,"2025-02-06 05:20:00","2025-02-05 21:22:14","2025-02-11 20:29:09"
41,12,12,13.03,47.6093,-122.332,c3f46274fcc7de78b69c88e46f600a37,165.83,I-5,N,47.4388,-122.269,1b16f7bffd324d25598f24f35034ef12,152.8,I-5,N,"2025-02-06 05:20:00","2025-02-05 21:22:14","2025-02-11 20:29:09"
42,12,12,13.03,47.4388,-122.269,1b16f7bffd324d25598f24f35034ef12,152.8,I-5,S,47.6093,-122.332,c3f46274fcc7de78b69c88e46f600a37,165.83,I-5,S,"2025-02-06 05:20:00","2025-02-05 21:22:14","2025-02-11 20:29:09"
43,12,13,13.03,47.6093,-122.332,c3f46274fcc7de78b69c88e46f600a37,165.83,I-5,N,47.4388,-122.269,1b16f7bffd324d25598f24f35034ef12,152.8,I-5,N,"2025-02-06 05:20:00","2025-02-05 21:22:14","2025-02-11 20:29:09"
44,12,12,13.03,47.4388,-122.269,1b16f7bffd324d25598f24f35034ef12,152.8,I-5,S,47.6093,-122.332,c3f46274fcc7de78b69c88e46f600a37,165.83,I-5,S,"2025-02-06 05:20:00","2025-02-05 21:22:14","2025-02-11 20:29:09"
45,11,11,11.12,47.4674,-122.22,23313448d69ead7b492b5a5b1d52f4f9,2.21,I-405,S,47.6138,-122.189,77bf299900d50496aec4177d48faa78a,13.33,I-405,S,"2025-02-06 05:20:00","2025-02-05 21:22:14","2025-02-11 20:29:09"
46,10,10,11.12,47.4674,-122.22,23313448d69ead7b492b5a5b1d52f4f9,2.21,I-405,S,47.6138,-122.189,77bf299900d50496aec4177d48faa78a,13.33,I-405,S,"2025-02-06 05:20:00","2025-02-05 21:22:14","2025-02-11 20:29:09"
51,28,28,29.95,47.4633,-122.263,8c692a5e56d5119c66e705f9d169f28c,0.11,I-405,S,47.8308,-122.264,c768a7c3805a3efcbcfbe8df808b6c47,30.06,I-405,S,"2025-02-06 05:20:00","2025-02-05 21:22:14","2025-02-11 20:29:09"
52,26,26,27.97,47.4648,-122.266,4c3d78752e03ab080f1f9bee5aa5ee2c,154.65,I-5,S,47.8308,-122.264,c768a7c3805a3efcbcfbe8df808b6c47,182.62,I-5,S,"2025-02-06 05:20:00","2025-02-05 21:22:14","2025-02-11 20:29:09"
53,27,27,29.62,47.8308,-122.264,c768a7c3805a3efcbcfbe8df808b6c47,30.06,I-405,N,47.4648,-122.266,4c3d78752e03ab080f1f9bee5aa5ee2c,0.44,I-405,N,"2025-02-06 05:20:00","2025-02-05 21:22:14","2025-02-11 20:29:09"
54,26,27,27.39,47.8308,-122.264,c768a7c3805a3efcbcfbe8df808b6c47,182.04,I-5,N,47.4648,-122.266,4c3d78752e03ab080f1f9bee5aa5ee2c,154.65,I-5,N,"2025-02-06 05:20:00","2025-02-05 21:22:14","2025-02-11 20:29:09"
55,9,9,9.41,47.7515,-122.187,2d15c786cd39f7a7bc0a78e608126bce,23.01,I-405,N,47.6138,-122.189,77bf299900d50496aec4177d48faa78a,13.6,I-405,N,"2025-02-06 05:20:00","2025-02-05 21:22:14","2025-02-11 20:29:09"
56,9,9,9.41,47.7515,-122.187,2d15c786cd39f7a7bc0a78e608126bce,23.01,I-405,N,47.6138,-122.189,77bf299900d50496aec4177d48faa78a,13.6,I-405,N,"2025-02-06 05:20:00","2025-02-05 21:22:14","2025-02-11 20:29:09"
57,9,9,9.68,47.6138,-122.189,77bf299900d50496aec4177d48faa78a,13.33,I-405,S,47.7515,-122.187,2d15c786cd39f7a7bc0a78e608126bce,23.01,I-405,S,"2025-02-06 05:20:00","2025-02-05 21:22:14","2025-02-11 20:29:09"
58,9,9,9.68,47.6138,-122.189,77bf299900d50496aec4177d48faa78a,13.33,I-405,S,47.7515,-122.187,2d15c786cd39f7a7bc0a78e608126bce,23.01,I-405,S,"2025-02-06 05:20:00","2025-02-05 21:22:14","2025-02-11 20:29:09"
59,20,20,20.76,47.6093,-122.332,c3f46274fcc7de78b69c88e46f600a37,165.83,I-5,N,47.7582,-122.164,5352af38eb20f05d66b610d356f71ef0,23.01,I-405,S,"2025-02-06 05:20:00","2025-02-05 21:22:14","2025-02-11 20:29:09"
60,17,17,17.25,47.6093,-122.332,c3f46274fcc7de78b69c88e46f600a37,165.83,I-5,S,47.7582,-122.164,5352af38eb20f05d66b610d356f71ef0,23.01,I-405,W,"2025-02-06 05:20:00","2025-02-05 21:22:14","2025-02-11 20:29:09"
63,13,13,13.22,47.4633,-122.263,8c692a5e56d5119c66e705f9d169f28c,0.11,I-405,S,47.6138,-122.189,77bf299900d50496aec4177d48faa78a,13.33,I-405,S,"2025-02-06 05:20:00","2025-02-05 21:22:14","2025-02-11 20:29:09"
64,12,12,13.22,47.4633,-122.263,8c692a5e56d5119c66e705f9d169f28c,0.11,I-405,S,47.6138,-122.189,77bf299900d50496aec4177d48faa78a,13.33,I-405,S,"2025-02-06 05:20:00","2025-02-05 21:22:14","2025-02-11 20:29:09"
65,13,13,13.49,47.6136,-122.188,dcee77ba4a00e431c82f454e32c4a07d,13.6,I-405,N,47.4648,-122.266,4c3d78752e03ab080f1f9bee5aa5ee2c,0.11,I-405,N,"2025-02-06 05:20:00","2025-02-05 21:22:14","2025-02-11 20:29:09"
67,9,9,10.28,47.458,-122.217,4a0a20a4f1afcc9e21b05e4a82178802,26.14,SR-167,N,47.323,-122.244,0c2ae100295401743a2d4b9a48bf6808,15.86,SR-167,N,"2025-02-06 05:20:00","2025-02-05 21:22:14","2025-02-11 20:29:09"
68,9,9,10.28,47.458,-122.217,4a0a20a4f1afcc9e21b05e4a82178802,26.14,SR-167,N,47.323,-122.244,0c2ae100295401743a2d4b9a48bf6808,15.86,SR-167,N,"2025-02-06 05:20:00","2025-02-05 21:22:14","2025-02-11 20:29:09"
69,9,9,10.28,47.323,-122.244,0c2ae100295401743a2d4b9a48bf6808,15.86,SR-167,S,47.458,-122.217,4a0a20a4f1afcc9e21b05e4a82178802,26.14,SR-167,S,"2025-02-06 05:20:00","2025-02-05 21:22:14","2025-02-11 20:29:09"
70,9,9,10.28,47.323,-122.244,0c2ae100295401743a2d4b9a48bf6808,15.86,SR-167,S,47.458,-122.217,4a0a20a4f1afcc9e21b05e4a82178802,26.14,SR-167,S,"2025-02-06 05:20:00","2025-02-05 21:22:14","2025-02-11 20:29:09"
71,15,15,15.56,47.6093,-122.332,c3f46274fcc7de78b69c88e46f600a37,165.83,I-5,N,47.5418,-122.037,b6fddd9ed0c05848fb649b41e80cfdf3,16.96,NULL,W,"2025-02-06 05:20:00","2025-02-05 21:22:14","2025-02-11 20:29:09"
72,14,18,14.98,47.5418,-122.037,b6fddd9ed0c05848fb649b41e80cfdf3,16.96,NULL,E,47.6093,-122.332,c3f46274fcc7de78b69c88e46f600a37,165.13,I-5,S,"2025-02-06 05:20:00","2025-02-05 21:22:14","2025-02-11 20:29:09"
73,15,15,15.56,47.6093,-122.332,c3f46274fcc7de78b69c88e46f600a37,165.83,I-5,N,47.5418,-122.037,b6fddd9ed0c05848fb649b41e80cfdf3,16.96,NULL,W,"2025-02-06 05:20:00","2025-02-05 21:22:14","2025-02-11 20:29:09"
74,15,18,15.68,47.5418,-122.037,b6fddd9ed0c05848fb649b41e80cfdf3,16.96,NULL,E,47.6093,-122.332,c3f46274fcc7de78b69c88e46f600a37,165.83,I-5,S,"2025-02-06 05:20:00","2025-02-05 21:22:14","2025-02-11 20:29:09"
77,14,14,14.81,47.6093,-122.332,c3f46274fcc7de78b69c88e46f600a37,165.83,I-5,S,47.6681,-122.11,50bdc937ce2e82fe186927c709545934,12.65,SR-520,W,"2025-02-06 05:20:00","2025-02-05 21:22:14","2025-02-11 20:29:09"
78,14,14,14.56,47.6681,-122.11,50bdc937ce2e82fe186927c709545934,12.66,SR-520,E,47.6093,-122.332,c3f46274fcc7de78b69c88e46f600a37,165.83,I-5,N,"2025-02-06 05:20:00","2025-02-05 21:22:14","2025-02-11 20:29:09"
79,14,14,14.81,47.6093,-122.332,c3f46274fcc7de78b69c88e46f600a37,165.83,I-5,S,47.6681,-122.11,50bdc937ce2e82fe186927c709545934,12.65,SR-520,W,"2025-02-06 05:20:00","2025-02-05 21:22:14","2025-02-11 20:29:09"
80,32,14,14.56,47.6681,-122.11,50bdc937ce2e82fe186927c709545934,12.66,SR-520,E,47.6093,-122.332,c3f46274fcc7de78b69c88e46f600a37,165.83,I-5,N,"2025-02-06 05:20:00","2025-02-05 21:22:14","2025-02-11 20:29:09"
81,18,18,18.34,47.6093,-122.332,c3f46274fcc7de78b69c88e46f600a37,165.83,I-5,N,47.6681,-122.11,50bdc937ce2e82fe186927c709545934,12.65,SR-520,W,"2025-02-06 05:20:00","2025-02-05 21:22:14","2025-02-11 20:29:09"
82,18,22,17.36,47.6681,-122.11,50bdc937ce2e82fe186927c709545934,12.66,SR-520,E,47.6093,-122.332,c3f46274fcc7de78b69c88e46f600a37,165.13,I-5,S,"2025-02-06 05:20:00","2025-02-05 21:22:14","2025-02-11 20:29:09"
83,18,18,18.05,47.6093,-122.332,c3f46274fcc7de78b69c88e46f600a37,165.83,I-5,N,47.6681,-122.11,50bdc937ce2e82fe186927c709545934,12.65,SR-520,W,"2025-02-06 05:20:00","2025-02-05 21:22:14","2025-02-11 20:29:09"
84,17,21,17.36,47.6681,-122.11,50bdc937ce2e82fe186927c709545934,12.66,SR-520,E,47.6093,-122.332,c3f46274fcc7de78b69c88e46f600a37,165.13,I-5,S,"2025-02-06 05:20:00","2025-02-05 21:22:14","2025-02-11 20:29:09"
89,11,11,10.53,47.6093,-122.332,c3f46274fcc7de78b69c88e46f600a37,165.83,I-5,S,47.6138,-122.189,77bf299900d50496aec4177d48faa78a,13.6,I-405,N,"2025-02-06 05:20:00","2025-02-05 21:22:14","2025-02-11 20:29:09"
90,10,10,9.75,47.6093,-122.332,c3f46274fcc7de78b69c88e46f600a37,166.61,I-5,S,47.6138,-122.189,77bf299900d50496aec4177d48faa78a,13.6,I-405,N,"2025-02-06 05:20:00","2025-02-05 21:22:14","2025-02-11 20:29:09"
91,10,10,10.46,47.6138,-122.189,77bf299900d50496aec4177d48faa78a,13.33,I-405,S,47.6093,-122.332,c3f46274fcc7de78b69c88e46f600a37,165.83,I-5,N,"2025-02-06 05:20:00","2025-02-05 21:22:14","2025-02-11 20:29:09"
92,10,10,10.31,47.6138,-122.189,77bf299900d50496aec4177d48faa78a,13.33,I-405,S,47.6093,-122.332,c3f46274fcc7de78b69c88e46f600a37,165.83,I-5,N,"2025-02-06 05:20:00","2025-02-05 21:22:14","2025-02-11 20:29:09"
93,11,11,10.56,47.6093,-122.332,c3f46274fcc7de78b69c88e46f600a37,165.83,I-5,N,47.6138,-122.189,77bf299900d50496aec4177d48faa78a,13.33,I-405,S,"2025-02-06 05:20:00","2025-02-05 21:22:14","2025-02-11 20:29:09"
94,11,11,10.57,47.6093,-122.332,c3f46274fcc7de78b69c88e46f600a37,165.83,I-5,N,47.6138,-122.189,77bf299900d50496aec4177d48faa78a,13.33,I-405,S,"2025-02-06 05:20:00","2025-02-05 21:22:14","2025-02-11 20:29:09"
95,11,15,10.45,47.6136,-122.188,dcee77ba4a00e431c82f454e32c4a07d,13.6,I-405,N,47.6093,-122.332,c3f46274fcc7de78b69c88e46f600a37,165.13,I-5,S,"2025-02-06 05:20:00","2025-02-05 21:22:14","2025-02-11 20:29:09"
96,10,14,10.45,47.6136,-122.188,dcee77ba4a00e431c82f454e32c4a07d,13.6,I-405,N,47.6093,-122.332,c3f46274fcc7de78b69c88e46f600a37,165.13,I-5,S,"2025-02-06 05:20:00","2025-02-05 21:22:14","2025-02-11 20:29:09"
99,7,7,6.91,47.6681,-122.11,50bdc937ce2e82fe186927c709545934,12.66,SR-520,E,47.6138,-122.189,77bf299900d50496aec4177d48faa78a,13.6,I-405,N,"2025-02-06 05:20:00","2025-02-05 21:22:14","2025-02-11 20:29:09"
100,7,7,6.91,47.6681,-122.11,50bdc937ce2e82fe186927c709545934,12.66,SR-520,E,47.6138,-122.189,77bf299900d50496aec4177d48faa78a,13.6,I-405,N,"2025-02-06 05:20:00","2025-02-05 21:22:14","2025-02-11 20:29:09"
101,7,7,7.49,47.6138,-122.189,77bf299900d50496aec4177d48faa78a,13.33,I-405,S,47.6681,-122.11,50bdc937ce2e82fe186927c709545934,12.65,SR-520,W,"2025-02-06 05:20:00","2025-02-05 21:22:14","2025-02-11 20:29:09"
102,7,7,7.49,47.6138,-122.189,77bf299900d50496aec4177d48faa78a,13.33,I-405,S,47.6681,-122.11,50bdc937ce2e82fe186927c709545934,12.65,SR-520,W,"2025-02-06 05:20:00","2025-02-05 21:22:14","2025-02-11 20:29:09"
116,7,7,6.62,47.0325,-122.891,8911f3de50f6ce97ab904ee45180c2c4,105.38,I-5,S,47.0631,-122.763,46f1030127ce4f03957b042e9b0b7672,112,I-5,S,"2025-02-06 05:20:00","2025-02-05 21:22:14","2025-02-11 20:29:09"
120,6,6,6.25,47.1627,-122.481,7f65420df8c078197e4b21bbb9735926,127.35,I-5,N,47.1041,-122.588,5dbefa9c2b93bedce42d7aed4806748a,121.1,I-5,N,"2025-02-06 05:20:00","2025-02-05 21:22:14","2025-02-11 20:29:09"
121,6,6,6.25,47.1041,-122.588,5dbefa9c2b93bedce42d7aed4806748a,121.1,I-5,S,47.1627,-122.481,7f65420df8c078197e4b21bbb9735926,127.35,I-5,S,"2025-02-06 05:20:00","2025-02-05 21:22:14","2025-02-11 20:29:09"
122,7,7,6.62,47.2345,-122.428,5d3ca2354aa0392b2ca5b1f5f76a67ff,133.97,I-5,N,47.1627,-122.481,7f65420df8c078197e4b21bbb9735926,127.35,I-5,N,"2025-02-06 05:20:00","2025-02-05 21:22:14","2025-02-11 20:29:09"
123,6,7,7.18,47.1627,-122.481,7f65420df8c078197e4b21bbb9735926,127.35,I-5,S,47.2299,-122.442,bf97a1aa5b8a481963d6c5934a72b0e0,133.41,I-5,S,"2025-02-06 05:20:00","2025-02-05 21:22:14","2025-02-11 20:29:09"
125,5,5,5.44,47.2556,-122.331,44d8eac1674d12db79349af309970b25,139.41,I-5,N,47.2345,-122.428,5d3ca2354aa0392b2ca5b1f5f76a67ff,133.97,I-5,N,"2025-02-06 05:20:00","2025-02-05 21:22:14","2025-02-11 20:29:09"
126,29,29,28.59,47.2345,-122.428,5d3ca2354aa0392b2ca5b1f5f76a67ff,133.97,I-5,N,47.0644,-122.76,555cdd9413a01e7ba630111cb1dd6d66,105.38,I-5,N,"2025-02-06 05:20:00","2025-02-05 21:22:14","2025-02-11 20:29:09"
131,0,0,26.94,47.9243,-122.265,ad4f548b154dce15d362adb19379ce77,192.77,I-5,N,47.6093,-122.332,c3f46274fcc7de78b69c88e46f600a37,165.83,I-5,N,"2025-02-06 05:20:00","2025-02-05 21:22:14","2025-02-11 20:29:09"
132,0,0,26.94,47.9243,-122.265,ad4f548b154dce15d362adb19379ce77,192.77,I-5,N,47.6093,-122.332,c3f46274fcc7de78b69c88e46f600a37,165.83,I-5,N,"2025-02-06 05:20:00","2025-02-05 21:22:14","2025-02-11 20:29:09"
266,12,12,13.32,47.9243,-122.265,ad4f548b154dce15d362adb19379ce77,192.55,I-5,S,48.1523,-122.189,e39fad09b2bca4e478a581c8084d8786,205.87,I-5,S,"2025-02-06 05:20:00","2025-02-05 21:22:14","2025-02-11 20:29:09"
267,12,12,13.1,48.1522,-122.189,e39fad09b2bca4e478a581c8084d8786,205.87,I-5,N,47.9641,-122.199,b8d6c5d95e21246e611fdb6072b60a0a,192.77,I-5,N,"2025-02-06 05:20:00","2025-02-05 21:22:14","2025-02-11 20:29:09"
268,7,7,7.89,48.0757,-122.185,d854e2f8f2b1ba00fbd8f61a424a28af,200.66,I-5,N,47.9641,-122.199,b8d6c5d95e21246e611fdb6072b60a0a,192.77,I-5,N,"2025-02-06 05:20:00","2025-02-05 21:22:14","2025-02-11 20:29:09"
269,7,7,8.11,47.9243,-122.265,ad4f548b154dce15d362adb19379ce77,192.55,I-5,S,48.0757,-122.185,d854e2f8f2b1ba00fbd8f61a424a28af,200.66,I-5,S,"2025-02-06 05:20:00","2025-02-05 21:22:14","2025-02-11 20:29:09"
275,14,14,15.23,47.6093,-122.332,c3f46274fcc7de78b69c88e46f600a37,165.83,I-5,S,47.821,-122.28,c511916f2c2439d5fc33d54f9eac7478,181.06,I-5,S,"2025-02-06 05:20:00","2025-02-05 21:22:14","2025-02-11 20:29:09"
278,11,11,10.92,47.6136,-122.188,dcee77ba4a00e431c82f454e32c4a07d,13.6,I-405,N,47.458,-122.217,4a0a20a4f1afcc9e21b05e4a82178802,2.68,I-405,N,"2025-02-06 05:20:00","2025-02-05 21:22:14","2025-02-11 20:29:09"
279,10,10,10.92,47.6136,-122.188,dcee77ba4a00e431c82f454e32c4a07d,13.6,I-405,N,47.458,-122.217,4a0a20a4f1afcc9e21b05e4a82178802,2.68,I-405,N,"2025-02-06 05:20:00","2025-02-05 21:22:14","2025-02-11 20:29:09"
287,0,0,23.87,47.6093,-122.332,c3f46274fcc7de78b69c88e46f600a37,165.83,I-5,S,47.7582,-122.164,5352af38eb20f05d66b610d356f71ef0,10.56,NULL,W,"2025-02-06 05:20:00","2025-02-05 21:22:14","2025-02-11 20:29:09"
288,23,23,15.32,47.6093,-122.332,c3f46274fcc7de78b69c88e46f600a37,165.83,I-5,S,47.7582,-122.164,5352af38eb20f05d66b610d356f71ef0,10.56,NULL,W,"2025-02-06 05:20:00","2025-02-05 21:22:14","2025-02-11 20:29:09"
291,13,12,13.49,47.6136,-122.188,dcee77ba4a00e431c82f454e32c4a07d,13.6,I-405,N,47.4648,-122.266,4c3d78752e03ab080f1f9bee5aa5ee2c,0.11,I-405,N,"2025-02-06 05:20:00","2025-02-05 21:22:14","2025-02-11 20:29:09"
293,4,4,4.29,47.3154,-122.297,8b34f8f5e6235f11ca0a4fd39b108e6d,143.98,I-5,N,47.3348,-122.294,382b49dac535d4c289012d1051b9728f,139.69,I-5,N,"2025-02-06 05:20:00","2025-02-05 21:22:14","2025-02-11 20:29:09"
294,20,23,20.56,47.7582,-122.164,5352af38eb20f05d66b610d356f71ef0,23.01,I-405,N,47.6093,-122.332,c3f46274fcc7de78b69c88e46f600a37,165.83,I-5,S,"2025-02-06 05:20:00","2025-02-05 21:22:14","2025-02-11 20:29:09"
295,17,16,17.2,47.7582,-122.164,5352af38eb20f05d66b610d356f71ef0,23.01,I-405,N,47.6093,-122.332,c3f46274fcc7de78b69c88e46f600a37,165.83,I-5,N,"2025-02-06 05:20:00","2025-02-05 21:22:14","2025-02-11 20:29:09"
303,10,10,10.01,47.3154,-122.297,8b34f8f5e6235f11ca0a4fd39b108e6d,143.98,I-5,N,47.2345,-122.428,5d3ca2354aa0392b2ca5b1f5f76a67ff,133.97,I-5,N,"2025-02-06 05:20:00","2025-02-05 21:22:14","2025-02-11 20:29:09"
310,7,7,6.62,47.0633,-122.765,0e572cd10f015dcf99e82e06998e09ee,112,I-5,N,47.0325,-122.891,8911f3de50f6ce97ab904ee45180c2c4,105.38,I-5,N,"2025-02-06 05:20:00","2025-02-05 21:22:14","2025-02-11 20:29:09"
311,9,9,9.1,47.0633,-122.765,0e572cd10f015dcf99e82e06998e09ee,112,I-5,S,47.1041,-122.588,5dbefa9c2b93bedce42d7aed4806748a,121.1,I-5,S,"2025-02-06 05:20:00","2025-02-05 21:22:14","2025-02-11 20:29:09"
312,8,9,9.1,47.1041,-122.588,5dbefa9c2b93bedce42d7aed4806748a,121.1,I-5,N,47.0633,-122.765,0e572cd10f015dcf99e82e06998e09ee,112,I-5,N,"2025-02-06 05:20:00","2025-02-05 21:22:14","2025-02-11 20:29:09"
313,29,29,29.15,47.0644,-122.76,555cdd9413a01e7ba630111cb1dd6d66,105.38,I-5,S,47.2345,-122.428,5d3ca2354aa0392b2ca5b1f5f76a67ff,133.41,I-5,S,"2025-02-06 05:20:00","2025-02-05 21:22:14","2025-02-11 20:29:09"
314,5,4,4.27,47.2345,-122.428,5d3ca2354aa0392b2ca5b1f5f76a67ff,135.14,I-5,S,47.2556,-122.331,44d8eac1674d12db79349af309970b25,139.41,I-5,S,"2025-02-06 05:20:00","2025-02-05 21:22:14","2025-02-11 20:29:09"
318,15,15,14.74,47.1633,-122.479,67b7fdc913cddb585dde73021fca1168,127.35,I-5,N,0,0,b4b147bc522828731f1a016bfa72c073,112.61,I-5,N,"2025-02-06 05:20:00","2025-02-05 21:22:14","2025-02-11 20:29:09"
321,7,7,6.99,47.0474,-122.821,926a1a329208d62fc087f55ef2ec2f0a,109.18,I-5,S,0,0,b4b147bc522828731f1a016bfa72c073,116.17,I-5,S,"2025-02-06 05:20:00","2025-02-05 21:22:14","2025-02-11 20:29:09"
324,17,17,17.46,47.048,-122.82,6b658a913b7ba568cd8cf13e5774a8e5,109.18,I-5,S,0,0,b4b147bc522828731f1a016bfa72c073,126.64,I-5,S,"2025-02-06 05:20:00","2025-02-05 21:22:14","2025-02-11 20:29:09"
326,4,4,4.29,47.3154,-122.297,8b34f8f5e6235f11ca0a4fd39b108e6d,143.98,I-5,N,47.3348,-122.294,382b49dac535d4c289012d1051b9728f,139.69,I-5,N,"2025-02-06 05:20:00","2025-02-05 21:22:14","2025-02-11 20:29:09"
333,33,39,32.79,45.3535,-122.765,8fed87e91772c4e1e9fa8306d2844825,287.46,I-5,S,45.7691,-122.668,3790733cc2ce638bedb1acf12ec3b159,11.75,I-5,S,"2025-02-06 05:20:00","2025-02-05 21:22:14","2025-02-11 20:29:09"
334,10,14,9.98,45.6033,-122.684,452cfc60fb06c10fdd82ded5bee92510,307.35,I-5,S,45.7405,-122.66,c338f6280b2cbb729cc0c25464544d94,8.83,I-5,S,"2025-02-06 05:20:00","2025-02-05 21:22:14","2025-02-11 20:29:09"
335,15,21,15.16,45.5448,-122.677,31d8f622f0e8aebe4334665e9b325820,302.17,I-5,S,45.7405,-122.66,c338f6280b2cbb729cc0c25464544d94,8.83,I-5,S,"2025-02-06 05:20:00","2025-02-05 21:22:14","2025-02-11 20:29:09"
338,14,22,15.14,45.5337,-122.562,b0cba03d20245a3dbcbe7fd2bc24d332,5.82,I-84,E,45.6422,-122.662,ff381adf682bb93289e9582cf4692e90,2.09,I-5,S,"2025-02-06 05:20:00","2025-02-05 21:22:14","2025-02-11 20:29:09"
339,12,17,11.98,45.5558,-122.568,edfa9799e151cc90bab03a8c53f64f3c,23.27,I-205,S,45.6464,-122.662,6514e3e63b9a762ca71908ecd68a1f47,2.09,I-5,S,"2025-02-06 05:20:00","2025-02-05 21:22:14","2025-02-11 20:29:09"
340,20,20,14.57,45.5558,-122.568,edfa9799e151cc90bab03a8c53f64f3c,0.45,I-84,W,45.5872,-122.485,a2e6353c1a63eeb0038908ca88a90318,9.52,NULL,W,"2025-02-06 05:20:00","2025-02-05 21:22:14","2025-02-11 20:29:09"
341,17,23,16.67,45.5448,-122.677,31d8f622f0e8aebe4334665e9b325820,302.17,I-5,S,45.5872,-122.485,a2e6353c1a63eeb0038908ca88a90318,9.52,NULL,W,"2025-02-06 05:20:00","2025-02-05 21:22:14","2025-02-11 20:29:09"
342,38,51,39.79,45.6247,-122.671,9d75423915ad127e3e8a9f2820924fb6,1.96,I-205,S,45.7538,-122.664,7d2bcc79cd1bb49fdf0b9ec413791716,11.75,I-5,S,"2025-02-06 05:20:00","2025-02-05 21:22:14","2025-02-11 20:29:09"
343,13,13,13.45,45.5719,-122.551,739b841d8a6f5ef3abcb4b1af9b26a0a,24.77,I-205,S,45.7328,-122.657,5e972a2c9c113dc8848d97722d2329d7,8.24,I-5,S,"2025-02-06 05:20:00","2025-02-05 21:22:14","2025-02-11 20:29:09"
344,5,10,5.28,45.5558,-122.568,edfa9799e151cc90bab03a8c53f64f3c,23.27,I-205,S,45.6165,-122.557,caea3d9e110f75d75b12765f0ffe050e,28.36,I-205,S,"2025-02-06 05:20:00","2025-02-05 21:22:14","2025-02-11 20:29:09"
345,18,28,18.33,45.3745,-122.589,581c41c1d4b2d081edcd7da27ec8f16c,10.24,I-205,S,45.6165,-122.557,caea3d9e110f75d75b12765f0ffe050e,28.36,I-205,S,"2025-02-06 05:20:00","2025-02-05 21:22:14","2025-02-11 20:29:09"
347,8,10,8.92,45.6234,-122.671,f7d50b3cdc72457cd2a24353959a1aaf,0.42,I-5,S,45.5917,-122.504,6493e3e63a571bd76c7a1f3dfa1bd770,8.52,NULL,W,"2025-02-06 05:20:00","2025-02-05 21:22:14","2025-02-11 20:29:09"
348,13,15,9.28,45.5473,-122.679,3751a0a84705d13e6c7373826fa56423,303.47,I-5,S,45.6765,-122.665,c5038055ec9720a8a857a8c5d5cd76b8,4.25,I-5,S,"2025-02-06 05:20:00","2025-02-05 21:22:14","2025-02-11 20:29:09"
349,18,19,13.33,45.5169,-122.688,ac7cd7c18109aed980d5ecf3ed42c4e3,1.77,I-405,S,45.6765,-122.665,c5038055ec9720a8a857a8c5d5cd76b8,4.25,I-5,S,"2025-02-06 05:20:00","2025-02-05 21:22:14","2025-02-11 20:29:09"
350,19,29,19.28,45.3666,-122.6,670207ecc2b44746b97797541e76b229,9.29,I-205,S,45.6214,-122.56,c29ae6389f89185b4b9c0e9befc1a30d,28.36,I-205,S,"2025-02-06 05:20:00","2025-02-05 21:22:14","2025-02-11 20:29:09"
351,7,12,6.87,45.5349,-122.565,cd8e0b86576982b713c18ab9d544a375,21.68,I-205,S,45.6214,-122.56,c29ae6389f89185b4b9c0e9befc1a30d,28.36,I-205,S,"2025-02-06 05:20:00","2025-02-05 21:22:14","2025-02-11 20:29:09"
354,7,8,7.55,45.596,-122.52,015f05f999b9ee6f6d0dc931b91a7d3c,7.72,NULL,E,45.6194,-122.662,ddeff59a3c76ef240fd570aa1856a83a,0.17,NULL,E,"2025-02-06 05:20:00","2025-02-05 21:22:14","2025-02-11 20:29:09"
358,35,46,34.9,45.373,-122.73,5b38676859491bf8b4fae90c1824bf61,1.96,I-205,S,45.7075,-122.632,a4e41fc0ce5701bbbd7aa216360517b1,36.67,I-205,S,"2025-02-06 05:20:00","2025-02-05 21:22:14","2025-02-11 20:29:09"
359,33,34,28.34,45.3535,-122.765,8fed87e91772c4e1e9fa8306d2844825,287.46,I-5,S,45.717,-122.655,b1b665756fb2a9fa8debb6d458fcb69d,7.3,I-5,S,"2025-02-06 05:20:00","2025-02-05 21:22:14","2025-02-11 20:29:09"
362,14,15,10.92,45.6033,-122.684,452cfc60fb06c10fdd82ded5bee92510,307.35,I-5,S,45.7543,-122.664,7d2bcc79cd1bb49fdf0b9ec413791716,9.77,I-5,S,"2025-02-06 05:20:00","2025-02-05 21:22:14","2025-02-11 20:29:09"
363,13,15,14.98,45.5719,-122.551,739b841d8a6f5ef3abcb4b1af9b26a0a,24.77,I-205,S,45.7543,-122.664,7d2bcc79cd1bb49fdf0b9ec413791716,9.77,I-5,S,"2025-02-06 05:20:00","2025-02-05 21:22:14","2025-02-11 20:29:09"
364,19,22,15.76,45.5363,-122.667,ce8f0cd41faf9866236a99d9939a538b,302.51,I-5,S,45.7543,-122.664,7d2bcc79cd1bb49fdf0b9ec413791716,9.77,I-5,S,"2025-02-06 05:20:00","2025-02-05 21:22:14","2025-02-11 20:29:09"
365,14,15,10.49,45.7543,-122.664,7d2bcc79cd1bb49fdf0b9ec413791716,9.76,I-5,N,45.6115,-122.679,ebbd4de3e9ba503288a3dc051356fecd,307.9,I-5,N,"2025-02-06 05:20:00","2025-02-05 21:22:14","2025-02-11 20:29:09"
366,14,15,9.41,45.6765,-122.665,c5038055ec9720a8a857a8c5d5cd76b8,4.25,I-5,N,45.5473,-122.679,3751a0a84705d13e6c7373826fa56423,303.47,I-5,N,"2025-02-06 05:20:00","2025-02-05 21:22:14","2025-02-11 20:29:09"
367,17,19,12.84,45.6765,-122.665,c5038055ec9720a8a857a8c5d5cd76b8,4.25,I-5,N,45.5169,-122.688,ac7cd7c18109aed980d5ecf3ed42c4e3,1.77,I-405,N,"2025-02-06 05:20:00","2025-02-05 21:22:14","2025-02-11 20:29:09"
375,9,15,8.81,45.5563,-122.679,0961de33728737ffeb899f5f540135c5,303.47,I-5,S,45.6681,-122.667,6f6f6cb7bd558a92168762b78d8fa1d3,3.78,I-5,S,"2025-02-06 05:20:00","2025-02-05 21:22:14","2025-02-11 20:29:09"
376,12,19,12.86,45.5135,-122.668,ef9e204202faf36fd45c64c0da1e50fa,1.77,I-405,S,45.6681,-122.667,6f6f6cb7bd558a92168762b78d8fa1d3,3.78,I-5,S,"2025-02-06 05:20:00","2025-02-05 21:22:14","2025-02-11 20:29:09"
377,10,10,10.26,45.7813,-122.672,421a08f487faaf404639819dbe442c19,11.67,I-5,N,45.6363,-122.662,62e281fda809cd10433fde6ab0a4bd17,1.41,I-5,N,"2025-02-06 05:20:00","2025-02-05 21:22:14","2025-02-11 20:29:09"
378,22,23,15.68,45.5448,-122.677,31d8f622f0e8aebe4334665e9b325820,302.17,I-5,S,45.6284,-122.56,0fb267843975adc39bebc665283fb53f,29.84,I-205,S,"2025-02-06 05:20:00","2025-02-05 21:22:14","2025-02-11 20:29:09"
379,16,20,14.63,45.5298,-122.649,32570361af37546fca85853956fc3538,0.45,I-84,W,45.641,-122.563,5bd5787d2a64568ef8e164e378008633,29.84,I-205,S,"2025-02-06 05:20:00","2025-02-05 21:22:14","2025-02-11 20:29:09"
382,8,8,8.77,47.2349,-122.427,24c4afb8a5754e7b7ca01a80959fc9b1,134.87,I-5,S,47.3154,-122.297,8b34f8f5e6235f11ca0a4fd39b108e6d,143.64,I-5,S,"2025-02-06 05:20:00","2025-02-05 21:22:14","2025-02-11 20:29:09"
384,20,22,15.05,45.533,-122.666,600f9dfe7a52fcbda27e88e549b844c5,302.17,I-5,S,45.5961,-122.52,015f05f999b9ee6f6d0dc931b91a7d3c,7.9,NULL,W,"2025-02-06 05:20:00","2025-02-05 21:22:14","2025-02-11 20:29:09"
385,16,19,12.95,45.5256,-122.66,0a09fef3d45ae174398c959cbfad46be,0.45,I-84,W,45.5961,-122.52,015f05f999b9ee6f6d0dc931b91a7d3c,7.9,NULL,W,"2025-02-06 05:20:00","2025-02-05 21:22:14","2025-02-11 20:29:09"
386,11,11,10.58,47.2352,-122.468,759966eb00473749c31189d3858c6103,0.49,NULL,E,47.3093,-122.58,4c1041a9539dcf1e3cbec02b7a23978d,11.07,NULL,E,"2025-02-06 05:20:00","2025-02-05 21:22:14","2025-02-11 20:29:09"
387,3,3,2.66,47.2757,-122.56,bec52884f2ddaa93606b35d4fb163d15,8.41,NULL,E,47.3093,-122.58,4c1041a9539dcf1e3cbec02b7a23978d,11.07,NULL,E,"2025-02-06 05:20:00","2025-02-05 21:22:14","2025-02-11 20:29:09"
404,5,4,4.05,47.1918,-122.353,0b38af7c06a61b0db6d96ae6c7732d43,4.9,NULL,W,47.1407,-122.29,988da5c29e8d79a0846078655adf68f4,0.85,NULL,W,"2025-02-06 05:20:00","2025-02-05 21:22:14","2025-02-11 20:29:09"
413,23,24,18.83,45.5256,-122.66,0a09fef3d45ae174398c959cbfad46be,0.45,I-84,W,45.5803,-122.385,f871b42825deebaf81b150028922634b,14.65,NULL,W,"2025-02-06 05:20:00","2025-02-05 21:22:14","2025-02-11 20:29:09"
414,27,28,21.8,45.533,-122.666,600f9dfe7a52fcbda27e88e549b844c5,302.17,I-5,S,45.5803,-122.385,f871b42825deebaf81b150028922634b,14.65,NULL,W,"2025-02-06 05:20:00","2025-02-05 21:22:14","2025-02-11 20:29:09"
415,7,7,7.17,45.6214,-122.56,c29ae6389f89185b4b9c0e9befc1a30d,28.36,I-205,N,45.5349,-122.565,cd8e0b86576982b713c18ab9d544a375,21.68,I-205,N,"2025-02-06 05:20:00","2025-02-05 21:22:14","2025-02-11 20:29:09"
416,20,21,19.82,45.6214,-122.56,c29ae6389f89185b4b9c0e9befc1a30d,28.36,I-205,N,45.362,-122.609,37feefe9b3e6258226fdb32964aa2080,9.03,I-205,N,"2025-02-06 05:20:00","2025-02-05 21:22:14","2025-02-11 20:29:09"
417,15,15,15.01,45.7543,-122.664,7d2bcc79cd1bb49fdf0b9ec413791716,9.76,I-5,N,45.5721,-122.548,bf844d388d00b4bc29d2fe22a78dbe37,24.92,I-205,N,"2025-02-06 05:20:00","2025-02-05 21:22:14","2025-02-11 20:29:09"
418,26,27,21.12,45.5803,-122.385,f871b42825deebaf81b150028922634b,14.65,NULL,E,45.5363,-122.667,ce8f0cd41faf9866236a99d9939a538b,302.5,I-5,N,"2025-02-06 05:20:00","2025-02-05 21:22:14","2025-02-11 20:29:09"
419,22,22,20.97,45.5803,-122.385,f871b42825deebaf81b150028922634b,14.65,NULL,E,45.5205,-122.665,beadc7dd0dbdd800d99988e837fab048,0.1,I-84,E,"2025-02-06 05:20:00","2025-02-05 21:22:14","2025-02-11 20:29:09"
420,20,22,15.89,45.7543,-122.664,7d2bcc79cd1bb49fdf0b9ec413791716,9.76,I-5,N,45.5363,-122.667,ce8f0cd41faf9866236a99d9939a538b,302.5,I-5,N,"2025-02-06 05:20:00","2025-02-05 21:22:14","2025-02-11 20:29:09"
421,35,37,35.2,45.7075,-122.632,a4e41fc0ce5701bbbd7aa216360517b1,36.67,I-205,N,45.373,-122.73,5b38676859491bf8b4fae90c1824bf61,1.96,I-205,N,"2025-02-06 05:20:00","2025-02-05 21:22:14","2025-02-11 20:29:09"
422,33,34,28.47,45.717,-122.655,b1b665756fb2a9fa8debb6d458fcb69d,7.3,I-5,N,45.3535,-122.765,8fed87e91772c4e1e9fa8306d2844825,287.46,I-5,N,"2025-02-06 05:20:00","2025-02-05 21:22:14","2025-02-11 20:29:09"
527,7,6,6.41,47.0877,-122.646,f94c6d829deda87d58be118f554d6ddd,118.83,I-5,S,0,0,b4b147bc522828731f1a016bfa72c073,125.24,I-5,S,"2025-02-06 05:20:00","2025-02-05 21:22:14","2025-02-11 20:29:09"
528,8,5,4.8,45.6506,-122.65,1998f43ef56c69edee601566794cb919,0.66,SR-500,W,45.6621,-122.558,808b01b82c404ed96852c9d6c5970e92,5.46,SR-500,W,"2025-02-06 05:20:00","2025-02-05 21:22:14","2025-02-11 20:29:09"
529,19,20,14.16,45.5448,-122.677,31d8f622f0e8aebe4334665e9b325820,302.17,I-5,S,45.6621,-122.558,808b01b82c404ed96852c9d6c5970e92,5.46,SR-500,W,"2025-02-06 05:20:00","2025-02-05 21:22:14","2025-02-11 20:29:09"
530,20,24,17.42,45.5298,-122.649,32570361af37546fca85853956fc3538,0.45,I-84,W,45.6621,-122.558,808b01b82c404ed96852c9d6c5970e92,5.46,SR-500,W,"2025-02-06 05:20:00","2025-02-05 21:22:14","2025-02-11 20:29:09"
531,16,17,17.1,47.1049,-122.585,a63e13f2cebafa41222ebc883f6bd31a,121.1,I-5,S,47.2406,-122.373,6a9e55a5fe968447ae71894d5e124c62,137.08,I-5,S,"2025-02-06 05:20:00","2025-02-05 21:22:14","2025-02-11 20:29:09"
532,10,11,10.85,47.1616,-122.481,d7b8793267f46c72688cb0739f7acca5,127.35,I-5,S,47.2556,-122.331,44d8eac1674d12db79349af309970b25,137.08,I-5,S,"2025-02-06 05:20:00","2025-02-05 21:22:14","2025-02-11 20:29:09"
